"ANO","MES","ANO_MES","IPC","VAR_MENSUAL_IPC","VAR_DIC_IPC","VAR_INTERANUAL_IPC","PROM12_IPC"
2009,9,"Sep 2009",68.321,0.11,4.306,-1.569,2.592
2009,10,"Oct 2009",68.478,0.23,4.545,-0.301,1.55
2009,11,"Nov 2009",69.21,1.069,5.663,4.18,1.328
2009,12,"Dec 2009",69.277,0.097,5.765,5.765,1.442
2010,1,"Jan 2010",70.186,1.313,1.313,6.853,1.709
2010,2,"Feb 2010",70.284,0.14,1.455,6.677,1.934
2010,3,"Mar 2010",70.889,0.86,2.327,7.427,2.345
2010,4,"Apr 2010",71.142,0.357,2.692,7.657,2.916
2010,5,"May 2010",71.384,0.341,3.042,7.901,3.526
2010,6,"Jun 2010",71.263,-0.17,2.867,5.438,3.961
2010,7,"Jul 2010",71.507,0.343,3.22,5.673,4.546
2010,8,"Aug 2010",71.664,0.219,3.447,5.009,5.014
2010,9,"Sep 2010",72.216,0.77,4.243,5.701,5.642
2010,10,"Oct 2010",72.703,0.675,4.947,6.171,6.196
2010,11,"Nov 2010",72.929,0.311,5.273,5.374,6.292
2010,12,"Dec 2010",73.598,0.917,6.238,6.238,6.33
2011,1,"Jan 2011",74.514,1.244,1.244,6.166,6.273
2011,2,"Feb 2011",75.41,1.202,2.461,7.292,6.329
2011,3,"Mar 2011",76.281,1.156,3.645,7.607,6.351
2011,4,"Apr 2011",76.947,0.873,4.55,8.16,6.402
2011,5,"May 2011",77.116,0.22,4.78,8.03,6.422
2011,6,"Jun 2011",77.904,1.021,5.85,9.319,6.749
2011,7,"Jul 2011",78.566,0.85,6.75,9.871,7.101
2011,8,"Aug 2011",78.956,0.496,7.28,10.175,7.531
2011,9,"Sep 2011",79.126,0.214,7.51,9.567,7.853
2011,10,"Oct 2011",79.148,0.028,7.54,8.864,8.074
2011,11,"Nov 2011",79.221,0.093,7.64,8.627,8.34
2011,12,"Dec 2011",79.31,0.111,7.76,7.76,8.459
2012,1,"Jan 2012",79.655,0.436,0.436,6.9,8.511
2012,2,"Feb 2012",79.935,0.351,0.789,6.001,8.392
2012,3,"Mar 2012",80.053,0.147,0.937,4.945,8.155
2012,4,"Apr 2012",80.06,0.009,0.947,4.046,7.795
2012,5,"May 2012",79.847,-0.267,0.677,3.541,7.406
2012,6,"Jun 2012",80.016,0.212,0.891,2.711,6.844
2012,7,"Jul 2012",79.854,-0.202,0.687,1.639,6.149
2012,8,"Aug 2012",80.664,1.014,1.707,2.163,5.484
2012,9,"Sep 2012",81.186,0.648,2.366,2.604,4.912
2012,10,"Oct 2012",81.378,0.236,2.608,2.818,4.42
2012,11,"Nov 2012",81.893,0.633,3.257,3.372,3.999
2012,12,"Dec 2012",82.408,0.629,3.907,3.907,3.695
2013,1,"Jan 2013",83.446,1.259,1.259,4.758,3.53
2013,2,"Feb 2013",83.718,0.326,1.59,4.733,3.434
2013,3,"Mar 2013",84.035,0.378,1.974,4.974,3.443
2013,4,"Apr 2013",83.983,-0.061,1.911,4.9,3.517
2013,5,"May 2013",83.828,-0.184,1.724,4.987,3.638
2013,6,"Jun 2013",83.858,0.035,1.759,4.801,3.811
2013,7,"Jul 2013",84.38,0.623,2.393,5.668,4.145
2013,8,"Aug 2013",84.94,0.663,3.072,5.301,4.406
2013,9,"Sep 2013",85.352,0.485,3.572,5.131,4.616
2013,10,"Oct 2013",85.234,-0.138,3.429,4.739,4.775
2013,11,"Nov 2013",85.286,0.06,3.492,4.143,4.837
2013,12,"Dec 2013",85.602,0.371,3.876,3.876,4.831
2014,1,"Jan 2014",85.801,0.232,0.232,2.822,4.664
2014,2,"Feb 2014",86.095,0.343,0.576,2.84,4.502
2014,3,"Mar 2014",86.544,0.521,1.101,2.987,4.333
2014,4,"Apr 2014",86.912,0.425,1.53,3.488,4.215
2014,5,"May 2014",86.927,0.017,1.548,3.696,4.108
2014,6,"Jun 2014",86.942,0.017,1.565,3.677,4.016
2014,7,"Jul 2014",87.258,0.364,1.934,3.41,3.832
2014,8,"Aug 2014",87.597,0.388,2.33,3.128,3.653
2014,9,"Sep 2014",87.766,0.193,2.528,2.828,3.463
2014,10,"Oct 2014",87.692,-0.084,2.442,2.884,3.311
2014,11,"Nov 2014",87.567,-0.143,2.296,2.675,3.19
2014,12,"Dec 2014",86.956,-0.698,1.582,1.582,2.999
2015,1,"Jan 2015",86.794,-0.186,-0.186,1.158,2.858
2015,2,"Feb 2015",86.971,0.204,0.017,1.017,2.704
2015,3,"Mar 2015",87.096,0.144,0.161,0.638,2.505
2015,4,"Apr 2015",86.875,-0.254,-0.093,-0.042,2.208
2015,5,"May 2015",87.126,0.288,0.195,0.229,1.919
2015,6,"Jun 2015",87.479,0.405,0.601,0.618,1.666
2015,7,"Jul 2015",87.692,0.244,0.846,0.498,1.425
2015,8,"Aug 2015",87.972,0.319,1.168,0.428,1.201
2015,9,"Sep 2015",88.112,0.159,1.329,0.394,0.999
2015,10,"Oct 2015",88.767,0.743,2.082,1.225,0.864
2015,11,"Nov 2015",88.914,0.166,2.251,1.538,0.772
2015,12,"Dec 2015",88.995,0.091,2.344,2.344,0.837
2016,1,"Jan 2016",88.988,-0.008,-0.008,2.527,0.951
2016,2,"Feb 2016",88.487,-0.562,-0.571,1.743,1.011
2016,3,"Mar 2016",88.48,-0.008,-0.579,1.589,1.09
2016,4,"Apr 2016",88.399,-0.091,-0.67,1.754,1.239
2016,5,"May 2016",88.62,0.25,-0.422,1.715,1.363
2016,6,"Jun 2016",89.15,0.598,0.174,1.91,1.47
2016,7,"Jul 2016",89.319,0.19,0.364,1.855,1.584
2016,8,"Aug 2016",89.267,-0.058,0.306,1.472,1.671
2016,9,"Sep 2016",89.304,0.041,0.347,1.353,1.751
2016,10,"Oct 2016",89.576,0.305,0.653,0.912,1.724
2016,11,"Nov 2016",89.694,0.131,0.786,0.877,1.668
2016,12,"Dec 2016",90.504,0.903,1.695,1.695,1.614
2017,1,"Jan 2017",91.063,0.618,0.618,2.332,1.6
2017,2,"Feb 2017",91.446,0.42,1.041,3.344,1.734
2017,3,"Mar 2017",91.262,-0.201,0.838,3.144,1.864
2017,4,"Apr 2017",91.505,0.266,1.106,3.513,2.01
2017,5,"May 2017",91.372,-0.145,0.96,3.106,2.126
2017,6,"Jun 2017",91.424,0.056,1.017,2.551,2.18
2017,7,"Jul 2017",91.586,0.177,1.195,2.538,2.237
2017,8,"Aug 2017",92.108,0.571,1.773,3.182,2.379
2017,9,"Sep 2017",92.697,0.639,2.423,3.799,2.583
2017,10,"Oct 2017",92.697,0,2.423,3.484,2.797
2017,11,"Nov 2017",93.404,0.762,3.204,4.136,3.069
2017,12,"Dec 2017",94.309,0.969,4.204,4.204,3.28
2018,1,"Jan 2018",94.581,0.289,0.289,3.863,3.408
2018,2,"Feb 2018",94.478,-0.109,0.179,3.316,3.405
2018,3,"Mar 2018",94.831,0.374,0.554,3.911,3.47
2018,4,"Apr 2018",95.207,0.396,0.952,4.046,3.515
2018,5,"May 2018",95.457,0.263,1.217,4.47,3.629
2018,6,"Jun 2018",95.656,0.208,1.428,4.629,3.801
2018,7,"Jul 2018",95.641,-0.015,1.413,4.428,3.958
2018,8,"Aug 2018",95.67,0.031,1.444,3.867,4.014
2018,9,"Sep 2018",95.744,0.077,1.522,3.287,3.97
2018,10,"Oct 2018",95.957,0.223,1.748,3.517,3.971
2018,11,"Nov 2018",95.619,-0.353,1.389,2.372,3.822
2018,12,"Dec 2018",95.413,-0.216,1.171,1.171,3.564
2019,1,"Jan 2019",95.251,-0.17,-0.17,0.708,3.296
2019,2,"Feb 2019",95.604,0.371,0.201,1.192,3.116
2019,3,"Mar 2019",96.23,0.654,0.856,1.475,2.911
2019,4,"Apr 2019",96.738,0.528,1.388,1.608,2.707
2019,5,"May 2019",96.708,-0.03,1.358,1.311,2.445
2019,6,"Jun 2019",96.532,-0.183,1.172,0.916,2.138
2019,7,"Jul 2019",96.98,0.465,1.643,1.401,1.89
2019,8,"Aug 2019",97.312,0.342,1.99,1.716,1.715
2019,9,"Sep 2019",97.68,0.378,2.376,2.022,1.613
2019,10,"Oct 2019",98.335,0.671,3.062,2.477,1.531
2019,11,"Nov 2019",98.703,0.374,3.448,3.225,1.604
2019,12,"Dec 2019",98.901,0.201,3.656,3.656,1.811
2020,1,"Jan 2020",99.225,0.327,0.327,4.172,2.098
2020,2,"Feb 2020",99.1,-0.126,0.201,3.657,2.303
2020,3,"Mar 2020",98.585,-0.52,-0.32,2.447,2.383
2020,4,"Apr 2020",97.775,-0.821,-1.139,1.073,2.337
2020,5,"May 2020",97.665,-0.113,-1.25,0.989,2.309
2020,6,"Jun 2020",99.328,1.703,0.432,2.897,2.474
2020,7,"Jul 2020",101.198,1.882,2.322,4.348,2.721
2020,8,"Aug 2020",101.985,0.778,3.118,4.803,2.98
2020,9,"Sep 2020",102.596,0.599,3.736,5.033,3.233
2020,10,"Oct 2020",103.276,0.663,4.423,5.025,3.448
2020,11,"Nov 2020",103.893,0.597,5.047,5.259,3.62
2020,12,"Dec 2020",104.394,0.482,5.554,5.554,3.781
2021,1,"Jan 2021",105.404,0.967,0.967,6.227,3.957
2021,2,"Feb 2021",106.124,0.683,1.657,7.088,4.246
2021,3,"Mar 2021",106.764,0.603,2.27,8.297,4.733
2021,4,"Apr 2021",107.206,0.414,2.694,9.645,5.443
2021,5,"May 2021",107.901,0.648,3.359,10.481,6.227
2021,6,"Jun 2021",108.585,0.634,4.015,9.319,6.76
2021,7,"Jul 2021",109.168,0.537,4.573,7.876,7.053
2021,8,"Aug 2021",110.039,0.798,5.407,7.897,7.309
2021,9,"Sep 2021",110.535,0.451,5.883,7.738,7.533
2021,10,"Oct 2021",111.244,0.641,6.562,7.715,7.754
2021,11,"Nov 2021",112.446,1.081,7.713,8.233,8
2021,12,"Dec 2021",113.263,0.727,8.496,8.496,8.243
2022,1,"Jan 2022",114.602,1.182,1.182,8.726,8.449
2022,2,"Feb 2022",115.658,0.921,2.115,8.984,8.606
2022,3,"Mar 2022",116.431,0.668,2.797,9.055,8.67
2022,4,"Apr 2022",117.544,0.956,3.78,9.643,8.677
2022,5,"May 2022",118.122,0.492,4.29,9.473,8.605
2022,6,"Jun 2022",118.877,0.639,4.957,9.478,8.624
2022,7,"Jul 2022",119.468,0.497,5.478,9.435,8.754
2022,8,"Aug 2022",119.718,0.209,5.699,8.796,8.826
2022,9,"Sep 2022",120.07,0.294,6.01,8.626,8.895
2022,10,"Oct 2022",120.405,0.279,6.306,8.235,8.933
2022,11,"Nov 2022",120.966,0.466,6.801,7.577,8.872
2022,12,"Dec 2022",122.128,0.961,7.827,7.827,8.811
2023,1,"Jan 2023",122.903,0.635,0.635,7.243,8.682
2023,2,"Feb 2023",123.035,0.107,0.743,6.378,8.457
2023,3,"Mar 2023",123.299,0.215,0.959,5.899,8.186
2023,4,"Apr 2023",123.6,0.244,1.205,5.152,7.806
2023,5,"May 2023",123.356,-0.197,1.006,4.431,7.38
2023,6,"Jun 2023",123.627,0.22,1.227,3.996,6.919
2023,7,"Jul 2023",124.188,0.454,1.687,3.951,6.462
2023,8,"Aug 2023",124.828,0.515,2.211,4.269,6.088
2023,9,"Sep 2023",125.365,0.43,2.651,4.41,5.743
2023,10,"Oct 2023",125.638,0.217,2.874,4.346,5.427
2023,11,"Nov 2023",125.809,0.137,3.014,4.004,5.134
2023,12,"Dec 2023",126.487,0.538,3.569,3.569,4.786
2024,1,"Jan 2024",126.98,0.39,0.39,3.317,4.463
2024,2,"Feb 2024",127.095,0.091,0.481,3.3,4.21
2024,3,"Mar 2024",127.473,0.298,0.78,3.385,4.003
2024,4,"Apr 2024",127.348,-0.098,0.681,3.032,3.828
2024,5,"May 2024",127.299,-0.039,0.642,3.196,3.725
1984,1,"Jan 1984",1.379,1.736,1.736,7.054,5.571
1984,2,"Feb 1984",1.418,2.811,4.597,11.183,6.008
1984,3,"Mar 1984",1.436,1.233,5.886,11.916,6.516
1984,4,"Apr 1984",1.458,1.568,7.546,14.88,7.359
1984,5,"May 1984",1.476,1.199,8.836,15.22,8.26
1984,6,"Jun 1984",1.539,4.305,13.521,19.615,9.488
1984,7,"Jul 1984",1.559,1.293,14.99,20.74,10.8
1984,8,"Aug 1984",1.566,0.455,15.513,20.13,12.012
1984,9,"Sep 1984",1.64,4.687,20.927,24.815,13.65
1984,10,"Oct 1984",1.678,2.344,23.761,26.31,15.404
1984,11,"Nov 1984",1.731,3.167,27.681,29.483,17.373
1984,12,"Dec 1984",1.88,8.58,38.636,38.636,20.152
1985,1,"Jan 1985",2.016,7.23,7.23,46.122,23.507
1985,2,"Feb 1985",2.138,6.081,13.75,50.769,26.939
1985,3,"Mar 1985",2.174,1.684,15.666,51.441,30.342
1985,4,"Apr 1985",2.197,1.051,16.882,50.671,33.385
1985,5,"May 1985",2.255,2.663,19.994,52.851,36.559
1985,6,"Jun 1985",2.282,1.197,21.431,48.296,38.955
1985,7,"Jul 1985",2.308,1.122,22.794,48.046,41.185
1985,8,"Aug 1985",2.311,0.128,22.951,47.563,43.366
1985,9,"Sep 1985",2.354,1.85,25.226,43.565,44.778
1985,10,"Oct 1985",2.369,0.625,26.008,41.153,45.812
1985,11,"Nov 1985",2.401,1.352,27.712,38.67,46.331
1985,12,"Dec 1985",2.46,2.459,30.853,30.853,45.336
1986,1,"Jan 1986",2.469,0.387,0.387,22.503,42.908
1986,2,"Feb 1986",2.44,-1.192,-0.809,14.104,39.292
1986,3,"Mar 1986",2.409,-1.263,-2.062,10.797,35.485
1986,4,"Apr 1986",2.402,-0.287,-2.344,9.329,31.798
1986,5,"May 1986",2.383,-0.786,-3.111,5.657,27.774
1986,6,"Jun 1986",2.386,0.109,-3.005,4.52,24.112
1986,7,"Jul 1986",2.4,0.61,-2.414,3.99,20.602
1986,8,"Aug 1986",2.404,0.166,-2.252,4.03,17.33
1986,9,"Sep 1986",2.467,2.592,0.282,4.788,14.466
1986,10,"Oct 1986",2.504,1.523,1.809,5.723,11.949
1986,11,"Nov 1986",2.516,0.477,2.294,4.81,9.573
1986,12,"Dec 1986",2.568,2.057,4.399,4.399,7.639
1987,1,"Jan 1987",2.55,-0.701,-0.701,3.267,6.169
1987,2,"Feb 1987",2.562,0.462,-0.243,4.995,5.461
1987,3,"Mar 1987",2.587,1,0.755,7.402,5.216
1987,4,"Apr 1987",2.633,1.76,2.528,9.607,5.269
1987,5,"May 1987",2.67,1.407,3.971,12.03,5.802
1987,6,"Jun 1987",2.762,3.463,7.571,15.783,6.734
1987,7,"Jul 1987",2.815,1.899,9.614,17.266,7.832
1987,8,"Aug 1987",2.819,0.172,9.802,17.274,8.923
1987,9,"Sep 1987",2.859,1.388,11.326,15.897,9.852
1987,10,"Oct 1987",2.91,1.793,13.322,16.205,10.734
1987,11,"Nov 1987",3.008,3.379,17.151,19.561,11.98
1987,12,"Dec 1987",3.15,4.713,22.672,22.672,13.551
1988,1,"Jan 1988",3.272,3.863,3.863,28.311,15.693
1988,2,"Feb 1988",3.36,2.714,6.683,31.189,17.919
1988,3,"Mar 1988",3.453,2.761,9.628,33.476,20.125
1988,4,"Apr 1988",3.481,0.807,10.513,32.226,22.032
1988,5,"May 1988",3.561,2.297,13.052,33.387,23.822
1988,6,"Jun 1988",3.78,6.159,20.015,36.864,25.625
1988,7,"Jul 1988",4.07,7.647,29.193,44.585,27.991
1988,8,"Aug 1988",4.275,5.054,35.722,51.63,30.929
1988,9,"Sep 1988",4.411,3.183,40.042,54.315,34.193
1988,10,"Oct 1988",4.586,3.964,45.592,57.606,37.702
1988,11,"Nov 1988",4.783,4.299,51.852,59.009,41.054
1988,12,"Dec 1988",4.908,2.599,55.798,55.798,43.864
1989,1,"Jan 1989",4.975,1.379,1.379,52.072,45.817
1989,2,"Feb 1989",5.003,0.557,1.944,48.877,47.188
1989,3,"Mar 1989",5.065,1.239,3.206,46.671,48.131
1989,4,"Apr 1989",5.168,2.03,5.302,48.451,49.307
1989,5,"May 1989",5.333,3.192,8.663,49.75,50.484
1989,6,"Jun 1989",5.466,2.493,11.373,44.578,50.882
1989,7,"Jul 1989",5.575,1.992,13.591,36.983,49.904
1989,8,"Aug 1989",5.71,2.432,16.353,33.564,48.089
1989,9,"Sep 1989",5.921,3.702,20.66,34.236,46.243
1989,10,"Oct 1989",6.242,5.414,27.193,36.109,44.452
1989,11,"Nov 1989",6.37,2.047,29.796,33.169,42.335
1989,12,"Dec 1989",6.605,3.696,34.594,34.594,40.658
1990,1,"Jan 1990",6.717,1.688,1.688,35.003,39.339
1990,2,"Feb 1990",6.762,0.674,2.373,35.161,38.307
1990,3,"Mar 1990",6.87,1.599,4.01,35.642,37.505
1990,4,"Apr 1990",7.057,2.714,6.832,36.55,36.717
1990,5,"May 1990",7.216,2.257,9.244,35.312,35.76
1990,6,"Jun 1990",7.392,2.437,11.906,35.239,35.137
1990,7,"Jul 1990",7.763,5.019,17.523,39.252,35.396
1990,8,"Aug 1990",8.659,11.545,31.091,51.642,37.046
1990,9,"Sep 1990",9.5,9.71,43.82,60.428,39.46
1990,10,"Oct 1990",10.434,9.831,57.959,67.15,42.394
1990,11,"Nov 1990",11.209,7.428,69.693,75.965,46.318
1990,12,"Dec 1990",11.884,6.026,79.919,79.919,50.463
1991,1,"Jan 1991",11.898,0.117,0.117,77.139,54.165
1991,2,"Feb 1991",12.34,3.717,3.838,82.495,58.206
1991,3,"Mar 1991",12.463,0.992,4.868,81.404,61.968
1991,4,"Apr 1991",12.283,-1.443,3.355,74.062,64.872
1991,5,"May 1991",12.246,-0.297,3.047,69.714,67.389
1991,6,"Jun 1991",12.275,0.236,3.291,66.067,69.504
1991,7,"Jul 1991",12.316,0.336,3.637,58.662,70.552
1991,8,"Aug 1991",12.502,1.505,5.197,44.381,69.133
1991,9,"Sep 1991",12.667,1.318,6.584,33.337,65.822
1991,10,"Oct 1991",12.704,0.297,6.9,21.762,60.699
1991,11,"Nov 1991",12.71,0.045,6.948,13.393,54.175
1991,12,"Dec 1991",12.823,0.892,7.902,7.902,47.079
1992,1,"Jan 1992",12.826,0.022,0.022,7.8,40.803
1992,2,"Feb 1992",12.633,-1.502,-1.481,2.375,34.065
1992,3,"Mar 1992",12.558,-0.593,-2.065,0.768,27.783
1992,4,"Apr 1992",12.622,0.51,-1.566,2.765,22.631
1992,5,"May 1992",12.679,0.444,-1.129,3.53,18.152
1992,6,"Jun 1992",13.026,2.743,1.584,6.119,14.377
1992,7,"Jul 1992",12.957,-0.533,1.042,5.201,11.055
1992,8,"Aug 1992",13.079,0.942,1.994,4.617,8.444
1992,9,"Sep 1992",13.171,0.702,2.709,3.98,6.416
1992,10,"Oct 1992",13.241,0.531,3.255,4.223,5.136
1992,11,"Nov 1992",13.305,0.486,3.757,4.683,4.473
1992,12,"Dec 1992",13.486,1.357,5.165,5.165,4.259
1993,1,"Jan 1993",13.602,0.864,0.864,6.051,4.131
1993,2,"Feb 1993",13.59,-0.092,0.771,7.569,4.564
1993,3,"Mar 1993",13.504,-0.629,0.137,7.53,5.126
1993,4,"Apr 1993",13.453,-0.377,-0.24,6.582,5.44
1993,5,"May 1993",13.498,0.333,0.092,6.464,5.68
1993,6,"Jun 1993",13.589,0.672,0.765,4.318,5.528
1993,7,"Jul 1993",13.655,0.488,1.257,5.388,5.543
1993,8,"Aug 1993",13.651,-0.032,1.225,4.372,5.518
1993,9,"Sep 1993",13.73,0.581,1.813,4.247,5.536
1993,10,"Oct 1993",13.792,0.451,2.272,4.164,5.527
1993,11,"Nov 1993",13.826,0.249,2.526,3.918,5.458
1993,12,"Dec 1993",13.862,0.255,2.788,2.788,5.25
1994,1,"Jan 1994",13.959,0.699,0.699,2.62,4.956
1994,2,"Feb 1994",14.111,1.094,1.801,3.838,4.649
1994,3,"Mar 1994",14.258,1.037,2.856,5.579,4.5
1994,4,"Apr 1994",14.422,1.156,4.045,7.203,4.564
1994,5,"May 1994",14.571,1.031,5.118,7.949,4.699
1994,6,"Jun 1994",14.702,0.898,6.062,8.191,5.025
1994,7,"Jul 1994",14.729,0.183,6.256,7.863,5.237
1994,8,"Aug 1994",14.898,1.152,7.479,9.14,5.636
1994,9,"Sep 1994",15.097,1.335,8.914,9.958,6.114
1994,10,"Oct 1994",15.279,1.203,10.224,10.781,6.668
1994,11,"Nov 1994",15.407,0.841,11.151,11.435,7.295
1994,12,"Dec 1994",15.846,2.846,14.314,14.314,8.261
1995,1,"Jan 1995",16.09,1.539,1.539,15.268,9.324
1995,2,"Feb 1995",16.153,0.392,1.937,14.467,10.218
1995,3,"Mar 1995",16.285,0.818,2.771,14.219,10.942
1995,4,"Apr 1995",16.262,-0.139,2.627,12.757,11.401
1995,5,"May 1995",16.331,0.426,3.064,12.081,11.739
1995,6,"Jun 1995",16.435,0.632,3.716,11.785,12.029
1995,7,"Jul 1995",16.543,0.66,4.401,12.319,12.39
1995,8,"Aug 1995",16.729,1.126,5.576,12.29,12.641
1995,9,"Sep 1995",16.988,1.548,7.21,12.526,12.844
1995,10,"Oct 1995",17.111,0.725,7.987,11.994,12.933
1995,11,"Nov 1995",17.269,0.919,8.979,12.081,12.977
1995,12,"Dec 1995",17.306,0.218,9.216,9.216,12.536
1996,1,"Jan 1996",17.293,-0.077,-0.077,7.478,11.87
1996,2,"Feb 1996",17.315,0.126,0.049,7.193,11.251
1996,3,"Mar 1996",17.339,0.141,0.19,6.474,10.597
1996,4,"Apr 1996",17.36,0.123,0.313,6.753,10.091
1996,5,"May 1996",17.4,0.227,0.541,6.542,9.627
1996,6,"Jun 1996",17.46,0.343,0.886,6.237,9.163
1996,7,"Jul 1996",17.504,0.257,1.145,5.811,8.629
1996,8,"Aug 1996",17.533,0.161,1.308,4.801,8.013
1996,9,"Sep 1996",17.628,0.546,1.862,3.767,7.291
1996,10,"Oct 1996",17.669,0.228,2.094,3.256,6.573
1996,11,"Nov 1996",17.784,0.655,2.763,2.986,5.831
1996,12,"Dec 1996",17.99,1.154,3.949,3.949,5.399
1997,1,"Jan 1997",18.495,2.807,2.807,6.949,5.366
1997,2,"Feb 1997",18.472,-0.124,2.679,6.682,5.333
1997,3,"Mar 1997",18.497,0.14,2.822,6.68,5.356
1997,4,"Apr 1997",18.657,0.865,3.712,7.471,5.425
1997,5,"May 1997",18.692,0.186,3.905,7.427,5.506
1997,6,"Jun 1997",18.773,0.434,4.356,7.525,5.619
1997,7,"Jul 1997",19.13,1.898,6.337,9.284,5.913
1997,8,"Aug 1997",19.247,0.615,6.991,9.78,6.329
1997,9,"Sep 1997",19.369,0.631,7.667,9.873,6.837
1997,10,"Oct 1997",19.431,0.323,8.014,9.977,7.396
1997,11,"Nov 1997",19.462,0.159,8.185,9.434,7.932
1997,12,"Dec 1997",19.495,0.167,8.366,8.366,8.297
1998,1,"Jan 1998",19.513,0.093,0.093,5.506,8.163
1998,2,"Feb 1998",19.501,-0.06,0.033,5.573,8.058
1998,3,"Mar 1998",19.469,-0.164,-0.131,5.253,7.928
1998,4,"Apr 1998",19.446,-0.118,-0.25,4.227,7.643
1998,5,"May 1998",19.532,0.442,0.191,4.493,7.389
1998,6,"Jun 1998",19.634,0.525,0.717,4.587,7.136
1998,7,"Jul 1998",19.759,0.633,1.354,3.289,6.629
1998,8,"Aug 1998",19.804,0.23,1.587,2.893,6.054
1998,9,"Sep 1998",19.933,0.653,2.25,2.915,5.479
1998,10,"Oct 1998",20.372,2.199,4.499,4.839,5.069
1998,11,"Nov 1998",20.742,1.819,6.4,6.578,4.856
1998,12,"Dec 1998",21.019,1.335,7.82,7.82,4.832
1999,1,"Jan 1999",20.908,-0.529,-0.529,7.15,4.976
1999,2,"Feb 1999",20.852,-0.27,-0.797,6.925,5.093
1999,3,"Mar 1999",20.96,0.521,-0.28,7.659,5.297
1999,4,"Apr 1999",21.015,0.259,-0.021,8.066,5.615
1999,5,"May 1999",21.004,-0.05,-0.071,7.538,5.867
1999,6,"Jun 1999",20.889,-0.547,-0.618,6.391,6.015
1999,7,"Jul 1999",20.837,-0.25,-0.867,5.457,6.19
1999,8,"Aug 1999",20.895,0.281,-0.588,5.511,6.404
1999,9,"Sep 1999",20.979,0.4,-0.191,5.246,6.593
1999,10,"Oct 1999",21.715,3.508,3.311,6.594,6.738
1999,11,"Nov 1999",22.027,1.435,4.793,6.191,6.703
1999,12,"Dec 1999",22.091,0.294,5.101,5.101,6.471
2000,1,"Jan 2000",22.16,0.312,0.312,5.99,6.374
2000,2,"Feb 2000",22.171,0.047,0.36,6.327,6.325
2000,3,"Mar 2000",22.16,-0.047,0.312,5.726,6.167
2000,4,"Apr 2000",22.175,0.066,0.379,5.522,5.96
2000,5,"May 2000",22.192,0.075,0.454,5.654,5.809
2000,6,"Jun 2000",22.409,0.98,1.439,7.277,5.887
2000,7,"Jul 2000",22.512,0.457,1.902,8.037,6.101
2000,8,"Aug 2000",22.769,1.142,3.066,8.965,6.388
2000,9,"Sep 2000",23.645,3.848,7.032,12.707,7.008
2000,10,"Oct 2000",23.708,0.265,7.316,9.176,7.229
2000,11,"Nov 2000",23.82,0.476,7.827,8.144,7.393
2000,12,"Dec 2000",24.084,1.106,9.019,9.019,7.724
2001,1,"Jan 2001",24.686,2.5,2.5,11.397,8.185
2001,2,"Feb 2001",24.72,0.136,2.639,11.496,8.622
2001,3,"Mar 2001",24.615,-0.423,2.205,11.077,9.068
2001,4,"Apr 2001",24.768,0.62,2.839,11.691,9.58
2001,5,"May 2001",24.832,0.262,3.108,11.899,10.094
2001,6,"Jun 2001",24.692,-0.564,2.526,10.188,10.327
2001,7,"Jul 2001",24.634,-0.237,2.283,9.427,10.432
2001,8,"Aug 2001",24.816,0.738,3.038,8.99,10.423
2001,9,"Sep 2001",25.042,0.91,3.976,5.907,9.846
2001,10,"Oct 2001",25.104,0.25,4.236,5.891,9.553
2001,11,"Nov 2001",25.079,-0.1,4.132,5.284,9.293
2001,12,"Dec 2001",25.14,0.242,4.384,4.384,8.883
2002,1,"Jan 2002",25.282,0.566,0.566,2.414,8.104
2002,2,"Feb 2002",25.292,0.041,0.607,2.318,7.321
2002,3,"Mar 2002",25.581,1.141,1.755,3.924,6.728
2002,4,"Apr 2002",25.754,0.678,2.445,3.984,6.101
2002,5,"May 2002",25.662,-0.357,2.079,3.343,5.413
2002,6,"Jun 2002",25.692,0.114,2.196,4.047,4.926
2002,7,"Jul 2002",25.794,0.399,2.603,4.711,4.559
2002,8,"Aug 2002",26.024,0.892,3.518,4.87,4.241
2002,9,"Sep 2002",26.39,1.406,4.973,5.385,4.205
2002,10,"Oct 2002",27.157,2.908,8.026,8.179,4.407
2002,11,"Nov 2002",27.287,0.477,8.541,8.804,4.708
2002,12,"Dec 2002",27.783,1.816,10.512,10.512,5.223
2003,1,"Jan 2003",28.696,3.289,3.289,13.505,6.156
2003,2,"Feb 2003",29.838,3.978,7.398,17.971,7.472
2003,3,"Mar 2003",30.367,1.773,9.302,18.709,8.72
2003,4,"Apr 2003",30.455,0.289,9.618,18.25,9.924
2003,5,"May 2003",30.818,1.195,10.927,20.091,11.329
2003,6,"Jun 2003",32.401,5.136,16.624,26.115,13.176
2003,7,"Jul 2003",33.587,3.659,20.891,30.21,15.305
2003,8,"Aug 2003",34.615,3.063,24.594,33.012,17.662
2003,9,"Sep 2003",35.136,1.504,26.467,33.141,19.995
2003,10,"Oct 2003",36.047,2.594,29.749,32.735,22.076
2003,11,"Nov 2003",38.216,6.015,37.553,40.051,24.723
2003,12,"Dec 2003",39.633,3.709,42.655,42.655,27.45
2004,1,"Jan 2004",43.292,9.232,9.232,50.863,30.68
2004,2,"Feb 2004",48.164,11.253,21.524,61.418,34.531
2004,3,"Mar 2004",49.293,2.344,24.372,62.324,38.356
2004,4,"Apr 2004",49.636,0.696,25.237,62.982,42.185
2004,5,"May 2004",50.94,2.628,28.529,65.292,45.988
2004,6,"Jun 2004",51.954,1.991,31.088,60.347,48.833
2004,7,"Jul 2004",52.274,0.616,31.895,55.64,50.854
2004,8,"Aug 2004",52.559,0.544,32.612,51.836,52.241
2004,9,"Sep 2004",51.963,-1.134,31.109,47.891,53.195
2004,10,"Oct 2004",52.663,1.348,32.876,46.094,53.989
2004,11,"Nov 2004",51.793,-1.652,30.682,35.529,53.151
2004,12,"Dec 2004",51.024,-1.486,28.74,28.74,51.461
2005,1,"Jan 2005",51.425,0.787,0.787,18.787,48.089
2005,2,"Feb 2005",51.446,0.041,0.828,6.815,42.576
2005,3,"Mar 2005",51.409,-0.073,0.754,4.293,37.07
2005,4,"Apr 2005",51.57,0.313,1.069,3.896,31.897
2005,5,"May 2005",51.415,-0.3,0.766,0.932,26.588
2005,6,"Jun 2005",51.444,0.057,0.824,-0.982,21.639
2005,7,"Jul 2005",51.752,0.597,1.426,-1,17.245
2005,8,"Aug 2005",52.444,1.337,2.782,-0.219,13.379
2005,9,"Sep 2005",54.154,3.261,6.134,4.217,10.385
2005,10,"Oct 2005",54.756,1.112,7.314,3.974,7.586
2005,11,"Nov 2005",54.296,-0.84,6.413,4.832,5.549
2005,12,"Dec 2005",54.819,0.963,7.437,7.437,4.19
2006,1,"Jan 2006",55.668,1.548,1.548,8.249,3.501
2006,2,"Feb 2006",55.601,-0.12,1.426,8.075,3.623
2006,3,"Mar 2006",55.653,0.094,1.522,8.256,3.955
2006,4,"Apr 2006",55.983,0.594,2.124,8.559,4.342
2006,5,"May 2006",56.303,0.571,2.708,9.508,5.049
2006,6,"Jun 2006",56.73,0.758,3.486,10.274,5.986
2006,7,"Jul 2006",57.238,0.896,4.413,10.601,6.96
2006,8,"Aug 2006",57.346,0.19,4.611,9.349,7.77
2006,9,"Sep 2006",56.715,-1.101,3.459,4.73,7.802
2006,10,"Oct 2006",56.774,0.103,3.566,3.685,7.764
2006,11,"Nov 2006",57.137,0.641,4.23,5.233,7.787
2006,12,"Dec 2006",57.56,0.739,5,5,7.573
2007,1,"Jan 2007",58.097,0.934,0.934,4.364,7.237
2007,2,"Feb 2007",58.275,0.306,1.242,4.81,6.958
2007,3,"Mar 2007",58.735,0.789,2.041,5.538,6.732
2007,4,"Apr 2007",59.211,0.812,2.87,5.766,6.503
2007,5,"May 2007",59.841,1.063,3.963,6.283,6.247
2007,6,"Jun 2007",60.081,0.402,4.381,5.908,5.903
2007,7,"Jul 2007",60.236,0.258,4.649,5.238,5.48
2007,8,"Aug 2007",59.849,-0.642,3.977,4.364,5.08
2007,9,"Sep 2007",60.579,1.219,5.245,6.813,5.255
2007,10,"Oct 2007",60.867,0.476,5.746,7.211,5.548
2007,11,"Nov 2007",61.963,1.8,7.65,8.446,5.818
2007,12,"Dec 2007",62.67,1.141,8.878,8.878,6.144
2008,1,"Jan 2008",63.353,1.091,1.091,9.047,6.537
2008,2,"Feb 2008",63.332,-0.033,1.058,8.679,6.86
2008,3,"Mar 2008",64.415,1.71,2.786,9.672,7.207
2008,4,"Apr 2008",65.626,1.879,4.717,10.833,7.635
2008,5,"May 2008",65.846,0.335,5.068,10.035,7.952
2008,6,"Jun 2008",67.414,2.381,7.57,12.204,8.485
2008,7,"Jul 2008",68.505,1.619,9.311,13.728,9.202
2008,8,"Aug 2008",68.568,0.092,9.411,14.568,10.054
2008,9,"Sep 2008",69.41,1.229,10.756,14.579,10.702
2008,10,"Oct 2008",68.685,-1.045,9.598,12.844,11.164
2008,11,"Nov 2008",66.433,-3.278,6.005,7.214,11.039
2008,12,"Dec 2008",65.501,-1.404,4.517,4.517,10.645
2009,1,"Jan 2009",65.685,0.281,0.281,3.68,10.164
2009,2,"Feb 2009",65.885,0.306,0.587,4.031,9.751
2009,3,"Mar 2009",65.988,0.155,0.744,2.441,9.118
2009,4,"Apr 2009",66.082,0.143,0.887,0.695,8.237
2009,5,"May 2009",66.157,0.114,1.002,0.473,7.411
2009,6,"Jun 2009",67.587,2.162,3.186,0.257,6.392
2009,7,"Jul 2009",67.669,0.121,3.31,-1.221,5.132
2009,8,"Aug 2009",68.246,0.853,4.191,-0.47,3.905
